{
  "repo_count": 27,
  "build_peak_ram_gb": {
    "min": 0.0414,
    "p50": 1.08,
    "p90": 5.415500000000009,
    "max": 11.7679
  },
  "run_peak_ram_gb": {
    "min": 0.005,
    "p50": 0.9615,
    "p90": 6.196000000000003,
    "max": 14.8356
  },
  "peak_disk_gb": {
    "min": 0.0007,
    "p50": 0.36,
    "p90": 1.9491600000000004,
    "max": 9.7156
  },
  "build_runtime_seconds": {
    "min": 0.0,
    "p50": 29.36,
    "p90": 129.60000000000008,
    "max": 270.0
  },
  "run_runtime_seconds": {
    "min": 0.0,
    "p50": 5.5,
    "p90": 99.94600000000004,
    "max": 307.0
  }
}